0	0	0	0.496596	0.000000
0	0	1	0.497724	0.000000
0	0	2	0.498274	0.000000
0	0	3	0.499021	0.000000
0	0	4	0.498857	0.000000
0	0	5	0.498057	0.000000
0	0	6	0.497628	0.000000
0	0	7	0.498281	0.000000
0	0	8	0.498138	0.000000
0	0	9	0.499220	0.000000
0	0	10	0.499755	0.000000
0	0	11	0.501207	0.000000
0	0	12	0.501643	0.000000
0	0	13	0.501025	0.000000
0	0	14	0.500203	0.000000
0	0	15	0.500116	0.000000
0	0	16	0.498511	0.000000
0	0	17	0.496769	0.000000
0	0	18	0.494447	0.000000
0	0	19	0.493129	0.000000
0	0	20	0.491060	0.000000
0	0	21	0.487410	0.000000
0	0	22	0.485571	0.000000
0	0	23	0.482851	0.000000
0	0	24	0.481703	0.000000
0	0	25	0.480158	0.000000
0	0	26	0.480143	0.000000
0	0	27	0.481959	0.000000
0	0	28	0.485882	0.000000
0	0	29	0.493003	0.000000
0	0	30	0.505337	0.000000
0	0	31	0.520777	0.000000
0	0	32	0.542110	0.000000
0	0	33	0.568104	0.000000
0	0	34	0.597783	0.000000
0	0	35	0.631712	0.000000
0	0	36	0.662218	0.000000
0	0	37	0.688449	0.000000
0	0	38	0.704654	0.000000
0	0	39	0.707550	0.000000
0	0	40	0.696505	0.000000
0	0	41	0.668382	0.000000
0	0	42	0.623222	0.000000
0	0	43	0.561157	0.000000
0	0	44	0.486366	0.000000
0	0	45	0.400298	0.000000
0	0	46	0.306328	0.000000
0	0	47	0.205773	0.000000
0	0	48	0.103436	0.000000
0	0	49	0.000104	0.000000
0	0	50	0.000915	0.000000
0	0	51	0.000982	0.000000
0	0	52	0.000484	0.000000
0	0	53	0.000260	0.000000
0	0	54	0.000784	0.000000
0	0	55	-0.000394	0.000000
0	0	56	-0.000224	0.000000
0	0	57	-0.000153	0.000000
0	0	58	-0.000450	0.000000
0	0	59	-0.000571	0.000000
0	0	60	0.000013	0.000000
0	0	61	-0.000030	0.000000
0	0	62	-0.000220	0.000000

